,Date,Route,Attempted,Succeeded,Success Percentage,Temperature AVG,Relative Humidity AVG,Wind Speed Daily AVG,Wind Direction AVG,Solar Radiation AVG
0,11/27/2015,Disappointment Cleaver,2.0,0.0,0.0,26.32166667,19.715,27.83958333,68.00416667,88.49625
1,11/21/2015,Disappointment Cleaver,3.0,0.0,0.0,31.3,21.69070833,2.245833333,117.54966670000002,93.66041667
2,10/15/2015,Disappointment Cleaver,2.0,0.0,0.0,46.44791667,27.21125,17.163625,259.121375,138.387
3,10/13/2015,Little Tahoma,8.0,0.0,0.0,40.97958333,28.33570833,19.59116667,279.77916669999996,176.3826667
4,10/9/2015,Disappointment Cleaver,2.0,0.0,0.0,38.26041667,74.32916667,65.13833333,264.6875,27.79129167
5,10/3/2015,Disappointment Cleaver,12.0,0.0,0.0,31.82291667,62.33708333,13.12504167,153.9316667,196.3752083
6,10/2/2015,Kautz Glacier,2.0,0.0,0.0,36.06416667,47.017375,6.4459166670000005,247.3183333,176.2655417
7,10/2/2015,Disappointment Cleaver,2.0,0.0,0.0,36.06416667,47.017375,6.4459166670000005,247.3183333,176.2655417
8,9/30/2015,Disappointment Cleaver,2.0,0.0,0.0,38.72958333,57.36958333,11.30075,216.9341667,202.81275
9,9/28/2015,Disappointment Cleaver,12.0,4.0,0.333333333,38.33541667,27.02541667,17.11520833,270.8666667,201.85258330000002
10,9/27/2015,Disappointment Cleaver,12.0,6.0,0.5,35.105,23.76833333,4.5570833330000005,188.2135833,201.89120830000002
11,9/26/2015,Disappointment Cleaver,17.0,3.0,0.17647058823529413,27.32208333,59.46991667,15.73075,216.3425,183.87170830000002
12,9/25/2015,Disappointment Cleaver,23.0,15.0,0.6521739130434783,32.39041667,95.30583333,61.3875,261.03333330000004,12.38258333
13,9/24/2015,Disappointment Cleaver,21.0,1.0,0.047619047619047616,36.09958333,60.97875,51.61083333,265.4166667,180.315875
14,9/23/2015,Disappointment Cleaver,12.0,0.0,0.0,30.87583333,70.45,35.44875,263.3833333,138.2574583
15,9/22/2015,Disappointment Cleaver,3.0,0.0,0.0,34.56541667,21.985,22.35341667,247.15875,215.4495417
16,9/21/2015,Disappointment Cleaver,33.0,9.0,0.2727272727272727,37.40666667,17.20541667,13.77908333,149.3954167,221.8321667
17,9/20/2015,Disappointment Cleaver,38.0,7.0,0.18421052631578946,37.6425,68.0775,31.28666667,40.02583333,215.14358330000002
18,9/19/2015,Disappointment Cleaver,37.0,0.0,0.0,40.44916667,63.53708333,7.9539166670000006,34.0375,219.4595
19,9/18/2015,Disappointment Cleaver,39.0,0.0,0.0,34.73375,52.70166667,6.354375,30.35875,200.940625
20,9/17/2015,Disappointment Cleaver,12.0,0.0,0.0,26.44208333,85.25291667,9.367166667000001,28.55166667,203.176375
21,9/16/2015,Disappointment Cleaver,12.0,0.0,0.0,22.08,98.65,15.922375,17.27916667,142.4772917
22,9/15/2015,Disappointment Cleaver,9.0,0.0,0.0,19.81375,54.48041667,7.8277083329999995,13.49,153.95775
23,9/14/2015,Disappointment Cleaver,27.0,26.0,0.9629629629629629,23.02125,60.216125,11.10675,13.96916667,90.693
24,9/13/2015,Disappointment Cleaver,37.0,0.0,0.0,42.59166667,17.42758333,14.43820833,20.535,207.5935
25,9/12/2015,Disappointment Cleaver,43.0,13.0,0.3023255813953488,51.76,27.91541667,19.81575,220.86625,238.10541669999998
26,9/11/2015,Disappointment Cleaver,54.0,10.0,0.18518518518518517,52.30416667,18.9025,12.39225,278.9,234.3315833
27,9/10/2015,Disappointment Cleaver,14.0,2.0,0.14285714285714285,53.10583333,15.78708333,2.488416667,140.1174583,243.4372917
28,9/9/2015,Disappointment Cleaver,16.0,12.0,0.75,47.29416667,25.0825,7.66225,208.80083330000002,241.27829169999998
29,9/8/2015,Disappointment Cleaver,2.0,0.0,0.0,43.75958333,40.11041667,7.346541667,200.0033333,243.2357083
30,9/7/2015,Disappointment Cleaver,47.0,18.0,0.3829787234042553,35.25291667,48.96291667,3.89525,235.4966667,248.5455
31,9/6/2015,Disappointment Cleaver,35.0,0.0,0.0,28.99416667,74.715,11.76808333,213.9854167,241.9712917
32,9/5/2015,Emmons-Winthrop,5.0,0.0,0.0,24.97708333,74.395,4.64325,221.5945833,221.49400000000003
33,9/5/2015,Disappointment Cleaver,48.0,0.0,0.0,24.97708333,74.395,4.64325,221.5945833,221.49400000000003
34,9/4/2015,Disappointment Cleaver,43.0,0.0,0.0,21.42833333,90.97875,5.825083332999999,173.56916669999998,141.671125
35,9/3/2015,Disappointment Cleaver,39.0,0.0,0.0,20.42208333,90.81,8.345,195.80375,214.4229167
36,9/2/2015,Disappointment Cleaver,32.0,0.0,0.0,22.40041667,91.62541667,23.27375,188.12083330000002,233.4845833
37,9/1/2015,Disappointment Cleaver,46.0,0.0,0.0,32.07875,66.61916667,33.07875,238.1875,201.78916669999998
38,8/31/2015,Disappointment Cleaver,36.0,0.0,0.0,32.31,100.0,25.74,234.5,0.0
39,8/29/2015,Disappointment Cleaver,23.0,0.0,0.0,30.81956522,96.96086957,18.22691304,58.79304348,33.10091304
40,8/28/2015,Disappointment Cleaver,25.0,0.0,0.0,36.16208333,91.36375,64.10625,40.25666667,53.22416667
41,8/27/2015,Disappointment Cleaver,34.0,0.0,0.0,40.64875,66.89916667,38.68416667,21.47416667,250.302375
42,8/26/2015,Emmons-Winthrop,2.0,1.0,0.5,41.95083333,54.23375,35.89916667,22.13458333,234.041625
43,8/26/2015,Disappointment Cleaver,16.0,2.0,0.125,41.95083333,54.23375,35.89916667,22.13458333,234.041625
44,8/25/2015,Disappointment Cleaver,32.0,13.0,0.40625,42.415,26.72666667,24.9475,19.63125,275.21133330000004
45,8/24/2015,Disappointment Cleaver,38.0,30.0,0.7894736842105263,43.36666667,22.565875,22.82541667,17.94333333,236.7139583
46,8/23/2015,Disappointment Cleaver,41.0,23.0,0.5609756097560976,44.68791667,26.80133333,24.80958333,17.51666667,281.0450417
47,8/22/2015,Kautz Glacier,3.0,0.0,0.0,44.36916667,18.2605,4.4974166669999995,55.20091667,281.860625
48,8/22/2015,Emmons-Winthrop,4.0,0.0,0.0,44.36916667,18.2605,4.4974166669999995,55.20091667,281.860625
49,8/22/2015,Disappointment Cleaver,60.0,26.0,0.43333333333333335,44.36916667,18.2605,4.4974166669999995,55.20091667,281.860625
50,8/21/2015,Kautz Glacier,4.0,4.0,1.0,43.20875,14.29633333,19.14175,19.62958333,293.7495
51,8/21/2015,Emmons-Winthrop,4.0,4.0,1.0,43.20875,14.29633333,19.14175,19.62958333,293.7495
52,8/21/2015,Disappointment Cleaver,56.0,31.0,0.5535714285714286,43.20875,14.29633333,19.14175,19.62958333,293.7495
53,8/20/2015,Disappointment Cleaver,52.0,34.0,0.6538461538461539,51.13958333,25.71416667,4.838666667,49.57458333,287.292125
54,8/19/2015,glacier only - no summit attempt,2.0,2.0,1.0,51.18958333,24.26166667,2.924458333,185.8279167,291.3016667
55,8/19/2015,Disappointment Cleaver,26.0,12.0,0.46153846153846156,51.18958333,24.26166667,2.924458333,185.8279167,291.3016667
56,8/19/2015,Emmons-Winthrop,2.0,0.0,0.0,51.18958333,24.26166667,2.924458333,185.8279167,291.3016667
57,8/18/2015,Emmons-Winthrop,11.0,0.0,0.0,49.47041667,39.9375,4.31375,244.5733333,290.5622917
58,8/18/2015,Disappointment Cleaver,17.0,4.0,0.23529411764705882,49.47041667,39.9375,4.31375,244.5733333,290.5622917
59,8/17/2015,Kautz Glacier,2.0,2.0,1.0,46.55333333,30.25375,6.036208332999999,252.915,295.18425
60,8/17/2015,Disappointment Cleaver,59.0,19.0,0.3220338983050847,46.55333333,30.25375,6.036208332999999,252.915,295.18425
61,8/17/2015,Emmons-Winthrop,10.0,9.0,0.9,46.55333333,30.25375,6.036208332999999,252.915,295.18425
62,8/16/2015,Emmons-Winthrop,12.0,0.0,0.0,41.11791667,44.51291667,1.663208333,210.48,294.587625
63,8/16/2015,Disappointment Cleaver,12.0,9.0,0.75,41.11791667,44.51291667,1.663208333,210.48,294.587625
64,8/15/2015,Little Tahoma,2.0,2.0,1.0,41.62791667,19.56183333,7.595541667000001,228.6825,305.5728333
65,8/15/2015,Emmons-Winthrop,9.0,4.0,0.4444444444444444,41.62791667,19.56183333,7.595541667000001,228.6825,305.5728333
66,8/15/2015,Disappointment Cleaver,12.0,7.0,0.5833333333333334,41.62791667,19.56183333,7.595541667000001,228.6825,305.5728333
67,8/14/2015,Disappointment Cleaver,78.0,16.0,0.20512820512820512,40.04916667,77.10333333,14.9015,245.56375,170.0025833
68,8/13/2015,Disappointment Cleaver,33.0,18.0,0.5454545454545454,49.99208333,30.82541667,24.7425,271.9333333,276.0485
69,8/12/2015,Emmons-Winthrop,2.0,2.0,1.0,51.37583333,46.14041667,6.6737083329999995,171.633375,208.6705
70,8/12/2015,Disappointment Cleaver,42.0,18.0,0.42857142857142855,51.37583333,46.14041667,6.6737083329999995,171.633375,208.6705
71,8/12/2015,Kautz Glacier,3.0,0.0,0.0,51.37583333,46.14041667,6.6737083329999995,171.633375,208.6705
72,8/11/2015,Emmons-Winthrop,12.0,0.0,0.0,45.62583333,54.49666667,9.515125,194.9952083,181.97529169999999
73,8/11/2015,Kautz Glacier,10.0,0.0,0.0,45.62583333,54.49666667,9.515125,194.9952083,181.97529169999999
74,8/11/2015,Disappointment Cleaver,19.0,12.0,0.631578947368421,45.62583333,54.49666667,9.515125,194.9952083,181.97529169999999
75,8/10/2015,Emmons-Winthrop,12.0,8.0,0.666666667,39.15708333,71.17625,24.91166667,260.21666669999996,182.5133333
76,8/10/2015,Disappointment Cleaver,38.0,9.0,0.23684210526315788,39.15708333,71.17625,24.91166667,260.21666669999996,182.5133333
77,8/9/2015,Emmons-Winthrop,24.0,19.0,0.7916666666666666,37.08375,48.48666667,30.84,264.2958333,170.5599167
78,8/9/2015,Disappointment Cleaver,35.0,25.0,0.7142857142857143,37.08375,48.48666667,30.84,264.2958333,170.5599167
79,8/9/2015,Kautz Glacier,10.0,0.0,0.0,37.08375,48.48666667,30.84,264.2958333,170.5599167
80,8/8/2015,Emmons-Winthrop,1.0,0.0,0.0,37.20791667,71.93125,27.72875,202.2658333,240.0982083
81,8/8/2015,Disappointment Cleaver,48.0,24.0,0.5,37.20791667,71.93125,27.72875,202.2658333,240.0982083
82,8/7/2015,Disappointment Cleaver,116.0,72.0,0.6206896551724138,42.45083333,43.5075,4.640541667,20.59791667,308.749
83,8/6/2015,Emmons-Winthrop,7.0,0.0,0.0,40.76375,30.05708333,4.1517916669999995,30.62458333,315.5002917
84,8/6/2015,Kautz Glacier,2.0,2.0,1.0,40.76375,30.05708333,4.1517916669999995,30.62458333,315.5002917
85,8/6/2015,Disappointment Cleaver,24.0,13.0,0.5416666666666666,40.76375,30.05708333,4.1517916669999995,30.62458333,315.5002917
86,8/5/2015,Emmons-Winthrop,2.0,0.0,0.0,37.44,38.43166667,7.56075,17.995,304.6057083
87,8/5/2015,Disappointment Cleaver,55.0,24.0,0.43636363636363634,37.44,38.43166667,7.56075,17.995,304.6057083
88,8/4/2015,Emmons-Winthrop,14.0,12.0,0.8571428571428571,41.29625,39.34041667,9.768666667,26.96041667,321.4156667
89,8/4/2015,Kautz Glacier,10.0,6.0,0.6,41.29625,39.34041667,9.768666667,26.96041667,321.4156667
90,8/4/2015,Disappointment Cleaver,7.0,2.0,0.2857142857142857,41.29625,39.34041667,9.768666667,26.96041667,321.4156667
91,8/3/2015,Disappointment Cleaver,28.0,15.0,0.5357142857142857,46.85875,49.985,16.14779167,24.4925,196.61991669999998
92,8/3/2015,Emmons-Winthrop,12.0,0.0,0.0,46.85875,49.985,16.14779167,24.4925,196.61991669999998
93,8/2/2015,Kautz Glacier,3.0,0.0,0.0,52.54125,39.97458333,15.25883333,23.74833333,199.0620833
94,8/2/2015,Emmons-Winthrop,3.0,3.0,1.0,52.54125,39.97458333,15.25883333,23.74833333,199.0620833
95,8/2/2015,Disappointment Cleaver,12.0,9.0,0.75,52.54125,39.97458333,15.25883333,23.74833333,199.0620833
96,8/1/2015,Kautz Glacier,2.0,0.0,0.0,56.15375,16.52041667,4.563958333,25.00291667,323.836125
97,8/1/2015,Emmons-Winthrop,3.0,3.0,1.0,56.15375,16.52041667,4.563958333,25.00291667,323.836125
98,8/1/2015,Disappointment Cleaver,4.0,2.0,0.5,56.15375,16.52041667,4.563958333,25.00291667,323.836125
99,7/31/2015,Emmons-Winthrop,9.0,0.0,0.0,52.78625,19.12333333,14.71504167,243.7625,327.84616669999997
100,7/31/2015,Kautz Glacier,2.0,2.0,1.0,52.78625,19.12333333,14.71504167,243.7625,327.84616669999997
101,7/31/2015,Disappointment Cleaver,61.0,37.0,0.6065573770491803,52.78625,19.12333333,14.71504167,243.7625,327.84616669999997
102,7/30/2015,glacier only - no summit attempt,2.0,0.0,0.0,48.88666667,27.80416667,13.75808333,270.7366667,326.9785417
103,7/30/2015,Emmons-Winthrop,2.0,2.0,1.0,48.88666667,27.80416667,13.75808333,270.7366667,326.9785417
104,7/30/2015,Disappointment Cleaver,12.0,9.0,0.75,48.88666667,27.80416667,13.75808333,270.7366667,326.9785417
105,7/29/2015,Disappointment Cleaver,4.0,0.0,0.0,46.39625,38.65208333,3.945041667,239.8408333,323.31233330000003
106,7/29/2015,Emmons-Winthrop,11.0,0.0,0.0,46.39625,38.65208333,3.945041667,239.8408333,323.31233330000003
107,7/28/2015,Fuhrers Finger,2.0,0.0,0.0,40.95583333,50.64916667,7.499333332999999,227.9012083,326.1535417
108,7/28/2015,Emmons-Winthrop,15.0,10.0,0.6666666666666666,40.95583333,50.64916667,7.499333332999999,227.9012083,326.1535417
109,7/28/2015,Disappointment Cleaver,15.0,8.0,0.5333333333333333,40.95583333,50.64916667,7.499333332999999,227.9012083,326.1535417
110,7/27/2015,Emmons-Winthrop,12.0,12.0,1.0,33.30333333,52.5,7.444625,191.560875,278.7935833
111,7/27/2015,Kautz Glacier,3.0,0.0,0.0,33.30333333,52.5,7.444625,191.560875,278.7935833
112,7/27/2015,Little Tahoma,6.0,6.0,1.0,33.30333333,52.5,7.444625,191.560875,278.7935833
113,7/27/2015,Disappointment Cleaver,2.0,2.0,1.0,33.30333333,52.5,7.444625,191.560875,278.7935833
114,7/26/2015,Success Cleaver,5.0,0.0,0.0,27.265,80.21208333,5.009375,198.077125,205.9569583
115,7/26/2015,Little Tahoma,4.0,0.0,0.0,27.265,80.21208333,5.009375,198.077125,205.9569583
116,7/26/2015,Emmons-Winthrop,4.0,0.0,0.0,27.265,80.21208333,5.009375,198.077125,205.9569583
117,7/26/2015,Disappointment Cleaver,26.0,9.0,0.34615384615384615,27.265,80.21208333,5.009375,198.077125,205.9569583
118,7/26/2015,Kautz Glacier,12.0,6.0,0.5,27.265,80.21208333,5.009375,198.077125,205.9569583
119,7/25/2015,Emmons-Winthrop,8.0,0.0,0.0,29.43291667,97.86916667,33.001875,211.21083330000002,182.8830833
120,7/25/2015,Disappointment Cleaver,5.0,5.0,1.0,29.43291667,97.86916667,33.001875,211.21083330000002,182.8830833
121,7/24/2015,Emmons-Winthrop,4.0,0.0,0.0,39.98208333,68.69458333,19.50670833,24.84125,309.638125
122,7/24/2015,Disappointment Cleaver,43.0,0.0,0.0,39.98208333,68.69458333,19.50670833,24.84125,309.638125
123,7/23/2015,Kautz Glacier,4.0,0.0,0.0,38.75666667,43.62791667,5.683125,18.71875,301.8440417
124,7/23/2015,Disappointment Cleaver,28.0,9.0,0.32142857142857145,38.75666667,43.62791667,5.683125,18.71875,301.8440417
125,7/23/2015,Emmons-Winthrop,15.0,0.0,0.0,38.75666667,43.62791667,5.683125,18.71875,301.8440417
126,7/22/2015,Kautz Glacier,2.0,2.0,1.0,38.8725,37.42833333,4.6595833330000005,19.09375,333.48675
127,7/22/2015,Disappointment Cleaver,6.0,0.0,0.0,38.8725,37.42833333,4.6595833330000005,19.09375,333.48675
128,7/21/2015,Emmons-Winthrop,12.0,8.0,0.666666667,41.5075,23.71291667,23.71208333,163.2116667,318.05425
129,7/21/2015,Kautz Glacier,9.0,9.0,1.0,41.5075,23.71291667,23.71208333,163.2116667,318.05425
130,7/21/2015,Disappointment Cleaver,11.0,0.0,0.0,41.5075,23.71291667,23.71208333,163.2116667,318.05425
131,7/20/2015,Kautz Glacier,2.0,0.0,0.0,49.15458333,32.24525,8.580916667,189.9991667,334.19675
132,7/20/2015,Emmons-Winthrop,9.0,2.0,0.2222222222222222,49.15458333,32.24525,8.580916667,189.9991667,334.19675
133,7/20/2015,Disappointment Cleaver,36.0,28.0,0.7777777777777778,49.15458333,32.24525,8.580916667,189.9991667,334.19675
134,7/20/2015,Liberty RIngraham Directge,4.0,0.0,0.0,49.15458333,32.24525,8.580916667,189.9991667,334.19675
135,7/19/2015,Kautz Cleaver,4.0,4.0,1.0,49.7325,49.06958333,3.9822916669999997,226.1925,328.9838333
136,7/19/2015,Emmons-Winthrop,2.0,0.0,0.0,49.7325,49.06958333,3.9822916669999997,226.1925,328.9838333
137,7/19/2015,Kautz Glacier,12.0,8.0,0.666666667,49.7325,49.06958333,3.9822916669999997,226.1925,328.9838333
138,7/19/2015,Disappointment Cleaver,12.0,11.0,0.916666667,49.7325,49.06958333,3.9822916669999997,226.1925,328.9838333
139,7/18/2015,Kautz Glacier,3.0,0.0,0.0,43.04166667,55.07208333,6.003458332999999,198.60375,334.0260417
140,7/18/2015,Emmons-Winthrop,5.0,2.0,0.4,43.04166667,55.07208333,6.003458332999999,198.60375,334.0260417
141,7/18/2015,Disappointment Cleaver,36.0,26.0,0.7222222222222222,43.04166667,55.07208333,6.003458332999999,198.60375,334.0260417
142,7/17/2015,Emmons-Winthrop,2.0,2.0,1.0,38.33166667,47.50333333,6.444208333,162.33083330000002,324.7182083
143,7/17/2015,Disappointment Cleaver,12.0,9.0,0.75,38.33166667,47.50333333,6.444208333,162.33083330000002,324.7182083
144,7/16/2015,Kautz Glacier,5.0,0.0,0.0,39.01,44.30583333,5.761708333,215.84058330000002,314.619375
145,7/16/2015,Emmons-Winthrop,5.0,3.0,0.6,39.01,44.30583333,5.761708333,215.84058330000002,314.619375
146,7/16/2015,Disappointment Cleaver,16.0,12.0,0.75,39.01,44.30583333,5.761708333,215.84058330000002,314.619375
147,7/15/2015,Emmons-Winthrop,4.0,0.0,0.0,39.54875,49.60458333,4.6205,212.9254167,328.7012083
148,7/15/2015,Liberty RIngraham Directge,2.0,0.0,0.0,39.54875,49.60458333,4.6205,212.9254167,328.7012083
149,7/15/2015,Disappointment Cleaver,4.0,3.0,0.75,39.54875,49.60458333,4.6205,212.9254167,328.7012083
150,7/14/2015,Little Tahoma,2.0,0.0,0.0,37.98625,47.64541667,2.382125,207.16666669999998,345.6050417
151,7/14/2015,Disappointment Cleaver,8.0,6.0,0.75,37.98625,47.64541667,2.382125,207.16666669999998,345.6050417
152,7/14/2015,Emmons-Winthrop,6.0,3.0,0.5,37.98625,47.64541667,2.382125,207.16666669999998,345.6050417
153,7/14/2015,Kautz Glacier,12.0,0.0,0.0,37.98625,47.64541667,2.382125,207.16666669999998,345.6050417
154,7/13/2015,Kautz Glacier,6.0,4.0,0.666666667,32.21958333,92.41416667,11.55325,226.942625,252.476625
155,7/13/2015,Disappointment Cleaver,22.0,16.0,0.7272727272727273,32.21958333,92.41416667,11.55325,226.942625,252.476625
156,7/13/2015,Emmons-Winthrop,5.0,0.0,0.0,32.21958333,92.41416667,11.55325,226.942625,252.476625
157,7/12/2015,Emmons-Winthrop,17.0,13.0,0.7647058823529411,33.37666667,90.77416667,24.12541667,268.4125,220.184875
158,7/12/2015,Kautz Glacier,6.0,6.0,1.0,33.37666667,90.77416667,24.12541667,268.4125,220.184875
159,7/12/2015,Disappointment Cleaver,7.0,2.0,0.2857142857142857,33.37666667,90.77416667,24.12541667,268.4125,220.184875
160,7/11/2015,Kautz Cleaver,1.0,0.0,0.0,40.66333333,69.77416667,21.65779167,273.03333330000004,231.46820830000001
161,7/11/2015,glacier only - no summit attempt,2.0,0.0,0.0,40.66333333,69.77416667,21.65779167,273.03333330000004,231.46820830000001
162,7/11/2015,Disappointment Cleaver,41.0,17.0,0.4146341463414634,40.66333333,69.77416667,21.65779167,273.03333330000004,231.46820830000001
163,7/11/2015,Emmons-Winthrop,2.0,0.0,0.0,40.66333333,69.77416667,21.65779167,273.03333330000004,231.46820830000001
164,7/10/2015,Emmons-Winthrop,4.0,4.0,1.0,47.20208333,55.71291667,4.892166667,135.0912083,252.26125
165,7/10/2015,Disappointment Cleaver,10.0,10.0,1.0,47.20208333,55.71291667,4.892166667,135.0912083,252.26125
166,7/10/2015,Little Tahoma,3.0,3.0,1.0,47.20208333,55.71291667,4.892166667,135.0912083,252.26125
167,7/10/2015,Kautz Glacier,2.0,2.0,1.0,47.20208333,55.71291667,4.892166667,135.0912083,252.26125
168,7/9/2015,Emmons-Winthrop,6.0,0.0,0.0,48.76583333,52.98708333,3.8235416669999998,130.49395829999997,249.2470833
169,7/9/2015,Disappointment Cleaver,6.0,6.0,1.0,48.76583333,52.98708333,3.8235416669999998,130.49395829999997,249.2470833
170,7/8/2015,Emmons-Winthrop,6.0,6.0,1.0,47.46291667,65.34833333,5.416041667000001,43.80920833,284.4880417
171,7/8/2015,Disappointment Cleaver,1.0,0.0,0.0,47.46291667,65.34833333,5.416041667000001,43.80920833,284.4880417
172,7/7/2015,Kautz Glacier,7.0,7.0,1.0,48.91333333,47.2225,3.00025,33.93708333,344.3869583
173,7/7/2015,Emmons-Winthrop,4.0,4.0,1.0,48.91333333,47.2225,3.00025,33.93708333,344.3869583
174,7/7/2015,Disappointment Cleaver,14.0,4.0,0.2857142857142857,48.91333333,47.2225,3.00025,33.93708333,344.3869583
175,7/6/2015,Disappointment Cleaver,85.0,54.0,0.6352941176470588,45.18541667,55.22875,16.93216667,22.45291667,349.9249583
176,7/6/2015,Emmons-Winthrop,16.0,9.0,0.5625,45.18541667,55.22875,16.93216667,22.45291667,349.9249583
177,7/5/2015,Emmons-Winthrop,12.0,7.0,0.583333333,47.63541667,46.01083333,2.864833333,30.16916667,333.7253333
178,7/5/2015,Disappointment Cleaver,13.0,10.0,0.7692307692307693,47.63541667,46.01083333,2.864833333,30.16916667,333.7253333
179,7/5/2015,Kautz Glacier,24.0,15.0,0.625,47.63541667,46.01083333,2.864833333,30.16916667,333.7253333
180,7/4/2015,Kautz Glacier,2.0,2.0,1.0,54.94875,28.75125,1.358333333,28.05416667,351.9732917
181,7/4/2015,Emmons-Winthrop,5.0,5.0,1.0,54.94875,28.75125,1.358333333,28.05416667,351.9732917
182,7/4/2015,Disappointment Cleaver,51.0,24.0,0.47058823529411764,54.94875,28.75125,1.358333333,28.05416667,351.9732917
183,7/3/2015,Disappointment Cleaver,49.0,30.0,0.6122448979591837,55.1375,20.55941667,0.753458333,90.53458333,357.3411667
184,7/3/2015,Emmons-Winthrop,15.0,6.0,0.4,55.1375,20.55941667,0.753458333,90.53458333,357.3411667
185,7/2/2015,Tahoma Glacier,3.0,2.0,0.666666667,51.54416667,20.74295833,9.233416667,23.74916667,357.33275
186,7/2/2015,Little Tahoma,2.0,2.0,1.0,51.54416667,20.74295833,9.233416667,23.74916667,357.33275
187,7/2/2015,Disappointment Cleaver,5.0,0.0,0.0,51.54416667,20.74295833,9.233416667,23.74916667,357.33275
188,7/2/2015,Emmons-Winthrop,6.0,6.0,1.0,51.54416667,20.74295833,9.233416667,23.74916667,357.33275
189,7/1/2015,Emmons-Winthrop,9.0,0.0,0.0,53.84916667,12.449875,4.410291667,73.58833333,361.3922083
190,7/1/2015,Fuhrers Finger,5.0,5.0,1.0,53.84916667,12.449875,4.410291667,73.58833333,361.3922083
191,7/1/2015,Disappointment Cleaver,14.0,0.0,0.0,53.84916667,12.449875,4.410291667,73.58833333,361.3922083
192,6/30/2015,Emmons-Winthrop,16.0,9.0,0.5625,48.49208333,50.48333333,2.755416667,183.66875,328.7606667
193,6/30/2015,Disappointment Cleaver,38.0,25.0,0.6578947368421053,48.49208333,50.48333333,2.755416667,183.66875,328.7606667
194,6/30/2015,Kautz Glacier,12.0,9.0,0.75,48.49208333,50.48333333,2.755416667,183.66875,328.7606667
195,6/29/2015,Emmons-Winthrop,20.0,14.0,0.7,48.94125,56.53375,11.08508333,229.85291669999998,354.126125
196,6/29/2015,Kautz Glacier,2.0,0.0,0.0,48.94125,56.53375,11.08508333,229.85291669999998,354.126125
197,6/29/2015,Disappointment Cleaver,81.0,56.0,0.691358024691358,48.94125,56.53375,11.08508333,229.85291669999998,354.126125
198,6/28/2015,Liberty RIngraham Directge,2.0,0.0,0.0,55.05083333,49.77,8.242,243.3878333,184.279375
199,6/28/2015,Emmons-Winthrop,11.0,11.0,1.0,55.05083333,49.77,8.242,243.3878333,184.279375
200,6/28/2015,Kautz Glacier,12.0,0.0,0.0,55.05083333,49.77,8.242,243.3878333,184.279375
201,6/28/2015,Disappointment Cleaver,12.0,0.0,0.0,55.05083333,49.77,8.242,243.3878333,184.279375
202,6/27/2015,Little Tahoma,12.0,0.0,0.0,54.57583333,40.18583333,18.14608333,278.59166669999996,245.01154169999998
203,6/27/2015,Emmons-Winthrop,7.0,0.0,0.0,54.57583333,40.18583333,18.14608333,278.59166669999996,245.01154169999998
204,6/27/2015,Kautz Glacier,36.0,12.0,0.3333333333333333,54.57583333,40.18583333,18.14608333,278.59166669999996,245.01154169999998
205,6/27/2015,Disappointment Cleaver,24.0,12.0,0.5,54.57583333,40.18583333,18.14608333,278.59166669999996,245.01154169999998
206,6/26/2015,glacier only - no summit attempt,1.0,0.0,0.0,53.75416667,35.88125,13.615125,276.0791667,353.99733330000004
207,6/26/2015,Liberty RIngraham Directge,3.0,3.0,1.0,53.75416667,35.88125,13.615125,276.0791667,353.99733330000004
208,6/26/2015,Ptarmigan RIngraham Directge,3.0,0.0,0.0,53.75416667,35.88125,13.615125,276.0791667,353.99733330000004
209,6/26/2015,Mowich Face,2.0,0.0,0.0,53.75416667,35.88125,13.615125,276.0791667,353.99733330000004
210,6/26/2015,Kautz Glacier,2.0,0.0,0.0,53.75416667,35.88125,13.615125,276.0791667,353.99733330000004
211,6/26/2015,Kautz Cleaver,3.0,0.0,0.0,53.75416667,35.88125,13.615125,276.0791667,353.99733330000004
212,6/26/2015,Emmons-Winthrop,2.0,0.0,0.0,53.75416667,35.88125,13.615125,276.0791667,353.99733330000004
213,6/26/2015,Disappointment Cleaver,48.0,31.0,0.6458333333333334,53.75416667,35.88125,13.615125,276.0791667,353.99733330000004
214,6/25/2015,Little Tahoma,2.0,0.0,0.0,49.23875,37.54708333,5.079166667,143.1625,353.6944583
215,6/25/2015,Kautz Glacier,3.0,3.0,1.0,49.23875,37.54708333,5.079166667,143.1625,353.6944583
216,6/25/2015,glacier only - no summit attempt,2.0,0.0,0.0,49.23875,37.54708333,5.079166667,143.1625,353.6944583
217,6/25/2015,Liberty RIngraham Directge,2.0,2.0,1.0,49.23875,37.54708333,5.079166667,143.1625,353.6944583
218,6/25/2015,Disappointment Cleaver,15.0,9.0,0.6,49.23875,37.54708333,5.079166667,143.1625,353.6944583
219,6/25/2015,Emmons-Winthrop,12.0,11.0,0.916666667,49.23875,37.54708333,5.079166667,143.1625,353.6944583
220,6/24/2015,Ptarmigan RIngraham Directge,2.0,0.0,0.0,39.39958333,69.98416667,9.057708332999999,216.18208330000002,248.0507917
221,6/24/2015,Little Tahoma,2.0,1.0,0.5,39.39958333,69.98416667,9.057708332999999,216.18208330000002,248.0507917
222,6/24/2015,glacier only - no summit attempt,1.0,0.0,0.0,39.39958333,69.98416667,9.057708332999999,216.18208330000002,248.0507917
223,6/24/2015,Disappointment Cleaver,3.0,0.0,0.0,39.39958333,69.98416667,9.057708332999999,216.18208330000002,248.0507917
224,6/24/2015,Emmons-Winthrop,3.0,3.0,1.0,39.39958333,69.98416667,9.057708332999999,216.18208330000002,248.0507917
225,6/24/2015,Tahoma Glacier,2.0,0.0,0.0,39.39958333,69.98416667,9.057708332999999,216.18208330000002,248.0507917
226,6/23/2015,Emmons-Winthrop,8.0,7.0,0.875,38.03375,43.06458333,5.631583332999999,148.7572917,351.3125
227,6/23/2015,Kautz Glacier,12.0,10.0,0.833333333,38.03375,43.06458333,5.631583332999999,148.7572917,351.3125
228,6/23/2015,Disappointment Cleaver,24.0,24.0,1.0,38.03375,43.06458333,5.631583332999999,148.7572917,351.3125
229,6/22/2015,Little Tahoma,8.0,8.0,1.0,31.41125,80.40458333,13.34379167,242.9666667,240.7595833
230,6/22/2015,Liberty RIngraham Directge,2.0,2.0,1.0,31.41125,80.40458333,13.34379167,242.9666667,240.7595833
231,6/22/2015,Kautz Glacier,2.0,0.0,0.0,31.41125,80.40458333,13.34379167,242.9666667,240.7595833
232,6/22/2015,Emmons-Winthrop,12.0,10.0,0.833333333,31.41125,80.40458333,13.34379167,242.9666667,240.7595833
233,6/22/2015,Disappointment Cleaver,24.0,6.0,0.25,31.41125,80.40458333,13.34379167,242.9666667,240.7595833
234,6/21/2015,Ingraham Direct,4.0,0.0,0.0,33.59208333,49.67583333,19.79295833,273.6166667,297.3104583
235,6/21/2015,Disappointment Cleaver,3.0,0.0,0.0,33.59208333,49.67583333,19.79295833,273.6166667,297.3104583
236,6/21/2015,Emmons-Winthrop,17.0,12.0,0.7058823529411765,33.59208333,49.67583333,19.79295833,273.6166667,297.3104583
237,6/21/2015,Kautz Glacier,3.0,0.0,0.0,33.59208333,49.67583333,19.79295833,273.6166667,297.3104583
238,6/20/2015,Ptarmigan RIngraham Directge,2.0,2.0,1.0,35.0875,40.37208333,2.47725,149.27625,358.7460833
239,6/20/2015,Little Tahoma,6.0,4.0,0.6666666666666666,35.0875,40.37208333,2.47725,149.27625,358.7460833
240,6/20/2015,Kautz Glacier,3.0,3.0,1.0,35.0875,40.37208333,2.47725,149.27625,358.7460833
241,6/20/2015,Kautz Cleaver,2.0,2.0,1.0,35.0875,40.37208333,2.47725,149.27625,358.7460833
242,6/20/2015,Emmons-Winthrop,12.0,11.0,0.916666667,35.0875,40.37208333,2.47725,149.27625,358.7460833
243,6/20/2015,Disappointment Cleaver,5.0,0.0,0.0,35.0875,40.37208333,2.47725,149.27625,358.7460833
244,6/19/2015,Little Tahoma,8.0,7.0,0.875,31.90166667,65.75875,9.339041667,177.5125,329.4286667
245,6/19/2015,glacier only - no summit attempt,12.0,0.0,0.0,31.90166667,65.75875,9.339041667,177.5125,329.4286667
246,6/19/2015,Emmons-Winthrop,6.0,2.0,0.3333333333333333,31.90166667,65.75875,9.339041667,177.5125,329.4286667
247,6/19/2015,Ptarmigan RIngraham Directge,2.0,0.0,0.0,31.90166667,65.75875,9.339041667,177.5125,329.4286667
248,6/19/2015,Mowich Face,2.0,2.0,1.0,31.90166667,65.75875,9.339041667,177.5125,329.4286667
249,6/19/2015,Disappointment Cleaver,28.0,22.0,0.7857142857142857,31.90166667,65.75875,9.339041667,177.5125,329.4286667
250,6/19/2015,Sunset RIngraham Directge,2.0,0.0,0.0,31.90166667,65.75875,9.339041667,177.5125,329.4286667
251,6/18/2015,glacier only - no summit attempt,2.0,0.0,0.0,33.13291667,74.27791667,29.12291667,112.52875,244.1792917
252,6/18/2015,Emmons-Winthrop,4.0,3.0,0.75,33.13291667,74.27791667,29.12291667,112.52875,244.1792917
253,6/18/2015,Disappointment Cleaver,12.0,8.0,0.666666667,33.13291667,74.27791667,29.12291667,112.52875,244.1792917
254,6/17/2015,Emmons-Winthrop,7.0,0.0,0.0,40.29708333,39.14,9.701375,19.75291667,358.0332917
255,6/17/2015,Liberty RIngraham Directge,2.0,0.0,0.0,40.29708333,39.14,9.701375,19.75291667,358.0332917
256,6/17/2015,Disappointment Cleaver,64.0,37.0,0.578125,40.29708333,39.14,9.701375,19.75291667,358.0332917
257,6/16/2015,Kautz Glacier,12.0,10.0,0.833333333,38.61666667,33.18291667,9.260916667,28.18208333,352.22116669999997
258,6/16/2015,Emmons-Winthrop,4.0,4.0,1.0,38.61666667,33.18291667,9.260916667,28.18208333,352.22116669999997
259,6/16/2015,Liberty RIngraham Directge,4.0,4.0,1.0,38.61666667,33.18291667,9.260916667,28.18208333,352.22116669999997
260,6/16/2015,Disappointment Cleaver,4.0,4.0,1.0,38.61666667,33.18291667,9.260916667,28.18208333,352.22116669999997
261,6/15/2015,Emmons-Winthrop,17.0,15.0,0.8823529411764706,35.51375,64.3275,7.011958333,29.11708333,343.898
262,6/15/2015,Disappointment Cleaver,53.0,41.0,0.7735849056603774,35.51375,64.3275,7.011958333,29.11708333,343.898
263,6/14/2015,Fuhrers Finger,5.0,0.0,0.0,32.69458333,70.2725,2.7260000000000004,30.691,362.93758330000003
264,6/14/2015,Kautz Glacier,12.0,12.0,1.0,32.69458333,70.2725,2.7260000000000004,30.691,362.93758330000003
265,6/14/2015,Emmons-Winthrop,4.0,4.0,1.0,32.69458333,70.2725,2.7260000000000004,30.691,362.93758330000003
266,6/14/2015,Disappointment Cleaver,6.0,6.0,1.0,32.69458333,70.2725,2.7260000000000004,30.691,362.93758330000003
267,6/13/2015,Fuhrers Finger,3.0,0.0,0.0,31.21583333,45.76625,1.7863333330000002,29.30041667,364.5174167
268,6/13/2015,Liberty RIngraham Directge,2.0,0.0,0.0,31.21583333,45.76625,1.7863333330000002,29.30041667,364.5174167
269,6/13/2015,Kautz Glacier,1.0,1.0,1.0,31.21583333,45.76625,1.7863333330000002,29.30041667,364.5174167
270,6/13/2015,Emmons-Winthrop,2.0,0.0,0.0,31.21583333,45.76625,1.7863333330000002,29.30041667,364.5174167
271,6/13/2015,Disappointment Cleaver,48.0,41.0,0.8541666666666666,31.21583333,45.76625,1.7863333330000002,29.30041667,364.5174167
272,6/12/2015,Liberty RIngraham Directge,2.0,2.0,1.0,39.88916667,12.741125,14.657875,33.32166667,368.0560833
273,6/12/2015,Little Tahoma,3.0,3.0,1.0,39.88916667,12.741125,14.657875,33.32166667,368.0560833
274,6/12/2015,Fuhrers Finger,2.0,2.0,1.0,39.88916667,12.741125,14.657875,33.32166667,368.0560833
275,6/12/2015,Kautz Glacier,2.0,0.0,0.0,39.88916667,12.741125,14.657875,33.32166667,368.0560833
276,6/12/2015,Curtis RIngraham Directge,2.0,2.0,1.0,39.88916667,12.741125,14.657875,33.32166667,368.0560833
277,6/12/2015,Ptarmigan RIngraham Directge,2.0,2.0,1.0,39.88916667,12.741125,14.657875,33.32166667,368.0560833
278,6/12/2015,Disappointment Cleaver,12.0,7.0,0.583333333,39.88916667,12.741125,14.657875,33.32166667,368.0560833
279,6/12/2015,Emmons-Winthrop,30.0,23.0,0.7666666666666667,39.88916667,12.741125,14.657875,33.32166667,368.0560833
280,6/11/2015,Disappointment Cleaver,10.0,0.0,0.0,46.22875,29.61541667,19.002875,21.64041667,344.787375
281,6/11/2015,Little Tahoma,2.0,2.0,1.0,46.22875,29.61541667,19.002875,21.64041667,344.787375
282,6/11/2015,Emmons-Winthrop,12.0,0.0,0.0,46.22875,29.61541667,19.002875,21.64041667,344.787375
283,6/11/2015,Kautz Glacier,2.0,0.0,0.0,46.22875,29.61541667,19.002875,21.64041667,344.787375
284,6/10/2015,Emmons-Winthrop,5.0,0.0,0.0,48.69,13.59708333,4.309125,22.21325,363.666625
285,6/10/2015,Disappointment Cleaver,24.0,13.0,0.5416666666666666,48.69,13.59708333,4.309125,22.21325,363.666625
286,6/9/2015,Liberty RIngraham Directge,5.0,2.0,0.4,48.62875,20.28375,9.727375,55.14583333,362.4339167
287,6/9/2015,Fuhrers Finger,3.0,0.0,0.0,48.62875,20.28375,9.727375,55.14583333,362.4339167
288,6/9/2015,Kautz Glacier,11.0,0.0,0.0,48.62875,20.28375,9.727375,55.14583333,362.4339167
289,6/9/2015,Disappointment Cleaver,2.0,2.0,1.0,48.62875,20.28375,9.727375,55.14583333,362.4339167
290,6/9/2015,Emmons-Winthrop,5.0,2.0,0.4,48.62875,20.28375,9.727375,55.14583333,362.4339167
291,6/8/2015,Emmons-Winthrop,2.0,2.0,1.0,52.22875,28.745,13.1705,253.20625,356.6964583
292,6/8/2015,Disappointment Cleaver,5.0,5.0,1.0,52.22875,28.745,13.1705,253.20625,356.6964583
293,6/7/2015,Little Tahoma,2.0,2.0,1.0,53.21166667,30.91625,3.1011666669999998,217.22883330000002,355.6503333
294,6/7/2015,Kautz Cleaver,2.0,0.0,0.0,53.21166667,30.91625,3.1011666669999998,217.22883330000002,355.6503333
295,6/7/2015,glacier only - no summit attempt,2.0,0.0,0.0,53.21166667,30.91625,3.1011666669999998,217.22883330000002,355.6503333
296,6/7/2015,Kautz Glacier,9.0,4.0,0.444444444,53.21166667,30.91625,3.1011666669999998,217.22883330000002,355.6503333
297,6/7/2015,Disappointment Cleaver,12.0,10.0,0.833333333,53.21166667,30.91625,3.1011666669999998,217.22883330000002,355.6503333
298,6/7/2015,Emmons-Winthrop,12.0,11.0,0.916666667,53.21166667,30.91625,3.1011666669999998,217.22883330000002,355.6503333
299,6/6/2015,Ptarmigan RIngraham Directge,2.0,2.0,1.0,47.80666667,19.34166667,3.136458333,265.0845833,353.86870830000004
300,6/6/2015,Mowich Face,2.0,0.0,0.0,47.80666667,19.34166667,3.136458333,265.0845833,353.86870830000004
301,6/6/2015,Liberty RIngraham Directge,2.0,2.0,1.0,47.80666667,19.34166667,3.136458333,265.0845833,353.86870830000004
302,6/6/2015,Fuhrers Finger,2.0,0.0,0.0,47.80666667,19.34166667,3.136458333,265.0845833,353.86870830000004
303,6/6/2015,Success Cleaver,2.0,2.0,1.0,47.80666667,19.34166667,3.136458333,265.0845833,353.86870830000004
304,6/6/2015,glacier only - no summit attempt,1.0,0.0,0.0,47.80666667,19.34166667,3.136458333,265.0845833,353.86870830000004
305,6/6/2015,Emmons-Winthrop,2.0,0.0,0.0,47.80666667,19.34166667,3.136458333,265.0845833,353.86870830000004
306,6/6/2015,Little Tahoma,3.0,3.0,1.0,47.80666667,19.34166667,3.136458333,265.0845833,353.86870830000004
307,6/6/2015,Disappointment Cleaver,2.0,2.0,1.0,47.80666667,19.34166667,3.136458333,265.0845833,353.86870830000004
308,6/5/2015,Tahoma Cleaver,3.0,3.0,1.0,38.94666667,50.58708333,5.9370833329999995,153.6,359.3387917
309,6/5/2015,Liberty RIngraham Directge,2.0,2.0,1.0,38.94666667,50.58708333,5.9370833329999995,153.6,359.3387917
310,6/5/2015,Fuhrers Finger,5.0,0.0,0.0,38.94666667,50.58708333,5.9370833329999995,153.6,359.3387917
311,6/5/2015,Emmons-Winthrop,3.0,3.0,1.0,38.94666667,50.58708333,5.9370833329999995,153.6,359.3387917
312,6/5/2015,Disappointment Cleaver,27.0,24.0,0.8888888888888888,38.94666667,50.58708333,5.9370833329999995,153.6,359.3387917
313,6/5/2015,Kautz Glacier,3.0,3.0,1.0,38.94666667,50.58708333,5.9370833329999995,153.6,359.3387917
314,6/4/2015,Emmons-Winthrop,4.0,4.0,1.0,34.46166667,62.99416667,4.006708333,164.18625,363.1519583
315,6/4/2015,Disappointment Cleaver,6.0,2.0,0.3333333333333333,34.46166667,62.99416667,4.006708333,164.18625,363.1519583
316,6/4/2015,Liberty RIngraham Directge,2.0,0.0,0.0,34.46166667,62.99416667,4.006708333,164.18625,363.1519583
317,6/3/2015,Liberty RIngraham Directge,2.0,2.0,1.0,29.01333333,85.95333333,2.220333333,227.6720833,284.8479167
318,6/3/2015,Disappointment Cleaver,26.0,21.0,0.8076923076923077,29.01333333,85.95333333,2.220333333,227.6720833,284.8479167
319,6/2/2015,Emmons-Winthrop,4.0,0.0,0.0,25.92333333,96.78333333,8.679666667000001,263.1208333,272.3627917
320,6/2/2015,Disappointment Cleaver,11.0,0.0,0.0,25.92333333,96.78333333,8.679666667000001,263.1208333,272.3627917
321,6/2/2015,Kautz Glacier,4.0,2.0,0.5,25.92333333,96.78333333,8.679666667000001,263.1208333,272.3627917
322,6/1/2015,Disappointment Cleaver,31.0,18.0,0.5806451612903226,32.82458333,87.04375,10.558625,234.41875,144.2045
323,6/1/2015,Emmons-Winthrop,3.0,0.0,0.0,32.82458333,87.04375,10.558625,234.41875,144.2045
324,5/31/2015,Disappointment Cleaver,22.0,19.0,0.8636363636363636,38.96666667,57.53291667,26.49375,274.8,292.17425
325,5/30/2015,Liberty RIngraham Directge,2.0,2.0,1.0,40.17125,36.86833333,9.813375,247.1904167,352.442875
326,5/30/2015,Little Tahoma,11.0,0.0,0.0,40.17125,36.86833333,9.813375,247.1904167,352.442875
327,5/30/2015,Emmons-Winthrop,2.0,0.0,0.0,40.17125,36.86833333,9.813375,247.1904167,352.442875
328,5/30/2015,glacier only - no summit attempt,2.0,0.0,0.0,40.17125,36.86833333,9.813375,247.1904167,352.442875
329,5/30/2015,Gibralter Ledges,3.0,0.0,0.0,40.17125,36.86833333,9.813375,247.1904167,352.442875
330,5/30/2015,Kautz Glacier,2.0,2.0,1.0,40.17125,36.86833333,9.813375,247.1904167,352.442875
331,5/30/2015,Ingraham Direct,3.0,3.0,1.0,40.17125,36.86833333,9.813375,247.1904167,352.442875
332,5/30/2015,Disappointment Cleaver,32.0,23.0,0.71875,40.17125,36.86833333,9.813375,247.1904167,352.442875
333,5/29/2015,Liberty RIngraham Directge,4.0,0.0,0.0,36.655,71.65125,24.68633333,274.7666667,245.2959167
334,5/29/2015,Fuhrers Finger,2.0,2.0,1.0,36.655,71.65125,24.68633333,274.7666667,245.2959167
335,5/29/2015,Little Tahoma,2.0,2.0,1.0,36.655,71.65125,24.68633333,274.7666667,245.2959167
336,5/29/2015,Curtis RIngraham Directge,2.0,0.0,0.0,36.655,71.65125,24.68633333,274.7666667,245.2959167
337,5/29/2015,Ptarmigan RIngraham Directge,3.0,0.0,0.0,36.655,71.65125,24.68633333,274.7666667,245.2959167
338,5/29/2015,Kautz Glacier,2.0,2.0,1.0,36.655,71.65125,24.68633333,274.7666667,245.2959167
339,5/29/2015,Disappointment Cleaver,3.0,0.0,0.0,36.655,71.65125,24.68633333,274.7666667,245.2959167
340,5/28/2015,Emmons-Winthrop,3.0,0.0,0.0,37.57708333,67.60041667,7.06175,125.38779170000001,337.99041669999997
341,5/28/2015,Little Tahoma,3.0,3.0,1.0,37.57708333,67.60041667,7.06175,125.38779170000001,337.99041669999997
342,5/28/2015,Fuhrers Finger,3.0,0.0,0.0,37.57708333,67.60041667,7.06175,125.38779170000001,337.99041669999997
343,5/28/2015,Disappointment Cleaver,12.0,10.0,0.833333333,37.57708333,67.60041667,7.06175,125.38779170000001,337.99041669999997
344,5/28/2015,Kautz Glacier,1.0,0.0,0.0,37.57708333,67.60041667,7.06175,125.38779170000001,337.99041669999997
345,5/27/2015,Disappointment Cleaver,25.0,14.0,0.56,34.4575,73.66541667,4.211208333,194.5708333,351.78479169999997
346,5/27/2015,Emmons-Winthrop,4.0,3.0,0.75,34.4575,73.66541667,4.211208333,194.5708333,351.78479169999997
347,5/26/2015,Emmons-Winthrop,3.0,0.0,0.0,31.53666667,72.90083333,3.442375,229.7284167,187.92495830000001
348,5/26/2015,Disappointment Cleaver,14.0,10.0,0.7142857142857143,31.53666667,72.90083333,3.442375,229.7284167,187.92495830000001
349,5/25/2015,Kautz Glacier,4.0,4.0,1.0,32.7775,49.44625,2.176375,217.676125,30.99041667
350,5/25/2015,Liberty RIngraham Directge,5.0,0.0,0.0,32.7775,49.44625,2.176375,217.676125,30.99041667
351,5/25/2015,Emmons-Winthrop,2.0,2.0,1.0,32.7775,49.44625,2.176375,217.676125,30.99041667
352,5/25/2015,Disappointment Cleaver,29.0,22.0,0.7586206896551724,32.7775,49.44625,2.176375,217.676125,30.99041667
353,5/24/2015,Kautz Glacier,4.0,4.0,1.0,35.50541667,55.14625,4.602791667,163.7657083,40.73991667
354,5/24/2015,Disappointment Cleaver,40.0,18.0,0.45,35.50541667,55.14625,4.602791667,163.7657083,40.73991667
355,5/24/2015,Little Tahoma,2.0,0.0,0.0,35.50541667,55.14625,4.602791667,163.7657083,40.73991667
356,5/23/2015,glacier only - no summit attempt,6.0,0.0,0.0,35.88083333,74.25708333,7.274916667,103.8366667,25.60783333
357,5/23/2015,Emmons-Winthrop,4.0,0.0,0.0,35.88083333,74.25708333,7.274916667,103.8366667,25.60783333
358,5/23/2015,Fuhrers Finger,2.0,0.0,0.0,35.88083333,74.25708333,7.274916667,103.8366667,25.60783333
359,5/23/2015,Liberty RIngraham Directge,4.0,0.0,0.0,35.88083333,74.25708333,7.274916667,103.8366667,25.60783333
360,5/23/2015,Tahoma Glacier,4.0,0.0,0.0,35.88083333,74.25708333,7.274916667,103.8366667,25.60783333
361,5/23/2015,Disappointment Cleaver,14.0,8.0,0.5714285714285714,35.88083333,74.25708333,7.274916667,103.8366667,25.60783333
362,5/22/2015,Liberty RIngraham Directge,3.0,0.0,0.0,33.09125,83.53666667,6.95925,61.31625,0.212708333
363,5/22/2015,Kautz Glacier,3.0,0.0,0.0,33.09125,83.53666667,6.95925,61.31625,0.212708333
364,5/22/2015,Fuhrers Finger,4.0,0.0,0.0,33.09125,83.53666667,6.95925,61.31625,0.212708333
365,5/22/2015,Emmons-Winthrop,3.0,0.0,0.0,33.09125,83.53666667,6.95925,61.31625,0.212708333
366,5/22/2015,Disappointment Cleaver,24.0,10.0,0.4166666666666667,33.09125,83.53666667,6.95925,61.31625,0.212708333
367,5/21/2015,Kautz Cleaver,3.0,0.0,0.0,33.50083333,79.21708333,8.0455,68.29604167,14.27883333
368,5/21/2015,Disappointment Cleaver,12.0,0.0,0.0,33.50083333,79.21708333,8.0455,68.29604167,14.27883333
369,5/20/2015,Disappointment Cleaver,18.0,7.0,0.3888888888888889,32.22541667,78.09416667,16.36125,69.58875,27.30241667
370,5/19/2015,Disappointment Cleaver,21.0,11.0,0.5238095238095238,31.2,75.00458333,11.31595833,83.57208333,0.129958333
371,5/18/2015,Kautz Glacier,2.0,0.0,0.0,29.47333333,91.06,6.361583333,79.80166667,21.76520833
372,5/18/2015,Disappointment Cleaver,38.0,7.0,0.18421052631578946,29.47333333,91.06,6.361583333,79.80166667,21.76520833
373,5/17/2015,glacier only - no summit attempt,1.0,0.0,0.0,28.76875,86.63041667,5.22225,193.9629167,4.549958333
374,5/17/2015,Disappointment Cleaver,7.0,5.0,0.7142857140000001,28.76875,86.63041667,5.22225,193.9629167,4.549958333
375,5/16/2015,Disappointment Cleaver,25.0,19.0,0.76,31.28083333,55.86166667,3.632791667,148.240375,28.800125
376,5/15/2015,Fuhrers Finger,2.0,0.0,0.0,31.08541667,45.71958333,1.597666667,267.87125,42.54783333
377,5/15/2015,Disappointment Cleaver,36.0,28.0,0.7777777777777778,31.08541667,45.71958333,1.597666667,267.87125,42.54783333
378,5/14/2015,Disappointment Cleaver,26.0,0.0,0.0,26.23875,83.00083333,2.066375,154.61875,10.03241667
379,5/14/2015,Little Tahoma,1.0,0.0,0.0,26.23875,83.00083333,2.066375,154.61875,10.03241667
380,5/13/2015,Disappointment Cleaver,36.0,22.0,0.6111111111111112,25.05958333,97.11666667,4.398875,98.80383333,0.0
381,5/13/2015,Ingraham Direct,2.0,0.0,0.0,25.05958333,97.11666667,4.398875,98.80383333,0.0
382,5/13/2015,Emmons-Winthrop,4.0,0.0,0.0,25.05958333,97.11666667,4.398875,98.80383333,0.0
383,5/12/2015,Disappointment Cleaver,12.0,0.0,0.0,24.37416667,99.37083333,12.299000000000001,79.61875,0.0
384,5/11/2015,Disappointment Cleaver,33.0,0.0,0.0,26.6925,77.28375,14.55358333,118.58666670000001,5.400625
385,5/10/2015,Disappointment Cleaver,2.0,0.0,0.0,32.15916667,63.095,3.512,201.7679167,23.93575
386,5/10/2015,Fuhrers Finger,2.0,0.0,0.0,32.15916667,63.095,3.512,201.7679167,23.93575
387,5/9/2015,Disappointment Cleaver,4.0,4.0,1.0,31.01416667,72.705,3.497208333,212.65795830000002,37.42945833
388,5/9/2015,Little Tahoma,7.0,0.0,0.0,31.01416667,72.705,3.497208333,212.65795830000002,37.42945833
389,5/9/2015,Liberty RIngraham Directge,4.0,0.0,0.0,31.01416667,72.705,3.497208333,212.65795830000002,37.42945833
390,5/9/2015,Emmons-Winthrop,6.0,0.0,0.0,31.01416667,72.705,3.497208333,212.65795830000002,37.42945833
391,5/8/2015,Fuhrers Finger,5.0,0.0,0.0,28.24208333,52.79375,6.912000000000001,122.80741670000002,35.50208333
392,5/8/2015,Disappointment Cleaver,3.0,0.0,0.0,28.24208333,52.79375,6.912000000000001,122.80741670000002,35.50208333
393,5/8/2015,Gibralter Ledges,2.0,0.0,0.0,28.24208333,52.79375,6.912000000000001,122.80741670000002,35.50208333
394,5/8/2015,Little Tahoma,3.0,0.0,0.0,28.24208333,52.79375,6.912000000000001,122.80741670000002,35.50208333
395,5/8/2015,Liberty RIngraham Directge,2.0,0.0,0.0,28.24208333,52.79375,6.912000000000001,122.80741670000002,35.50208333
396,5/8/2015,Emmons-Winthrop,2.0,0.0,0.0,28.24208333,52.79375,6.912000000000001,122.80741670000002,35.50208333
397,5/7/2015,Fuhrers Finger,5.0,0.0,0.0,25.24708333,19.20166667,10.208875,150.9358333,16.21041667
398,5/7/2015,Disappointment Cleaver,3.0,0.0,0.0,25.24708333,19.20166667,10.208875,150.9358333,16.21041667
399,5/7/2015,Emmons-Winthrop,3.0,0.0,0.0,25.24708333,19.20166667,10.208875,150.9358333,16.21041667
400,5/4/2015,Disappointment Cleaver,19.0,0.0,0.0,24.45458333,47.96666667,42.57208333,272.9375,0.0
401,5/4/2015,Ingraham Direct,5.0,0.0,0.0,24.45458333,47.96666667,42.57208333,272.9375,0.0
402,5/4/2015,Fuhrers Finger,2.0,0.0,0.0,24.45458333,47.96666667,42.57208333,272.9375,0.0
403,5/2/2015,Liberty RIngraham Directge,2.0,0.0,0.0,30.66458333,30.90483333,6.0655,141.95708330000002,44.96
404,5/2/2015,Ingraham Direct,3.0,0.0,0.0,30.66458333,30.90483333,6.0655,141.95708330000002,44.96
405,5/2/2015,glacier only - no summit attempt,2.0,0.0,0.0,30.66458333,30.90483333,6.0655,141.95708330000002,44.96
406,5/2/2015,Disappointment Cleaver,3.0,0.0,0.0,30.66458333,30.90483333,6.0655,141.95708330000002,44.96
407,5/2/2015,Fuhrers Finger,4.0,0.0,0.0,30.66458333,30.90483333,6.0655,141.95708330000002,44.96
408,5/2/2015,Little Tahoma,3.0,0.0,0.0,30.66458333,30.90483333,6.0655,141.95708330000002,44.96
409,5/2/2015,Emmons-Winthrop,2.0,0.0,0.0,30.66458333,30.90483333,6.0655,141.95708330000002,44.96
410,5/1/2015,Ingraham Direct,2.0,0.0,0.0,30.19708333,33.99591667,31.02083333,280.3833333,0.0
411,5/1/2015,Nisqually Glacier,12.0,0.0,0.0,30.19708333,33.99591667,31.02083333,280.3833333,0.0
412,5/1/2015,Fuhrers Finger,8.0,0.0,0.0,30.19708333,33.99591667,31.02083333,280.3833333,0.0
413,5/1/2015,Disappointment Cleaver,2.0,0.0,0.0,30.19708333,33.99591667,31.02083333,280.3833333,0.0
414,4/30/2015,Disappointment Cleaver,5.0,2.0,0.4,31.68375,45.21333333,14.787375,199.755875,41.20166667
415,4/27/2015,Disappointment Cleaver,17.0,13.0,0.7647058823529411,32.37291667,77.0775,15.32033333,171.8858333,13.2635
416,4/26/2015,Wilson Headwall,2.0,0.0,0.0,21.72125,46.13583333,6.800083333,246.0141667,14.9675
417,4/24/2015,Gibralter Chute,3.0,0.0,0.0,9.032041667,91.73125,42.71291667,224.6958333,0.0
418,4/24/2015,Disappointment Cleaver,2.0,0.0,0.0,9.032041667,91.73125,42.71291667,224.6958333,0.0
419,4/23/2015,Disappointment Cleaver,4.0,4.0,1.0,18.64516667,81.78208333,32.89291667,261.3666667,0.0
420,4/20/2015,Fuhrers Finger,2.0,0.0,0.0,32.52625,49.50958333,3.4464583330000003,265.0454167,23.46891667
421,4/20/2015,Ingraham Direct,4.0,0.0,0.0,32.52625,49.50958333,3.4464583330000003,265.0454167,23.46891667
422,4/19/2015,Ingraham Direct,8.0,0.0,0.0,32.94708333,31.71416667,2.4748333330000003,228.0891667,56.40916667
423,4/19/2015,Gibralter Ledges,2.0,0.0,0.0,32.94708333,31.71416667,2.4748333330000003,228.0891667,56.40916667
424,4/18/2015,Wilson Headwall,3.0,0.0,0.0,32.19458333,18.87916667,8.654291667,214.38133330000002,34.68395833
425,4/18/2015,Gibralter Ledges,2.0,0.0,0.0,32.19458333,18.87916667,8.654291667,214.38133330000002,34.68395833
426,4/18/2015,Disappointment Cleaver,4.0,0.0,0.0,32.19458333,18.87916667,8.654291667,214.38133330000002,34.68395833
427,4/17/2015,Kautz Glacier,4.0,0.0,0.0,30.61708333,43.83416667,7.1242916670000005,204.24900000000002,26.34841667
428,4/17/2015,Disappointment Cleaver,4.0,0.0,0.0,30.61708333,43.83416667,7.1242916670000005,204.24900000000002,26.34841667
429,4/13/2015,Disappointment Cleaver,15.0,0.0,0.0,14.16520833,65.17416667,53.663875,262.6145833,0.0
430,4/11/2015,Ingraham Direct,6.0,0.0,0.0,6.834833333,85.88208333,46.41875,236.45,0.0
431,4/5/2015,glacier only - no summit attempt,18.0,0.0,0.0,8.220708333,81.88125,5.4999583329999995,174.52716669999998,0.397291667
432,3/27/2015,Disappointment Cleaver,5.0,0.0,0.0,29.22708333,53.87708333,57.425,271.7916667,0.0
433,3/25/2015,Gibralter Ledges,2.0,0.0,0.0,27.63916667,83.63458333,23.18458333,244.5153333,0.0
434,3/23/2015,Disappointment Cleaver,16.0,0.0,0.0,10.855,90.76958333,17.00741667,203.18333330000002,0.0
435,3/22/2015,Ingraham Direct,10.0,0.0,0.0,15.28416667,83.18833333,26.54208333,203.2833333,0.0
436,3/19/2015,Disappointment Cleaver,2.0,0.0,0.0,27.38791667,55.47,32.96583333,273.825,0.0
437,3/15/2015,Ingraham Direct,12.0,0.0,0.0,20.37458333,98.55,36.7425,277.775,0.0
438,3/15/2015,Disappointment Cleaver,2.0,0.0,0.0,20.37458333,98.55,36.7425,277.775,0.0
439,3/14/2015,Ingraham Direct,3.0,0.0,0.0,24.08583333,99.84166667,51.35583333,271.8583333,0.0
440,3/9/2015,Disappointment Cleaver,14.0,0.0,0.0,33.02833333,26.12733333,12.34270833,16.41208333,10.20933333
441,3/8/2015,Little Tahoma,2.0,2.0,1.0,33.745,14.99333333,10.19525,17.02958333,17.644375
442,3/7/2015,Disappointment Cleaver,2.0,0.0,0.0,31.91166667,18.28416667,6.339541667000001,138.339375,26.78758333
443,3/7/2015,Ingraham Direct,10.0,0.0,0.0,31.91166667,18.28416667,6.339541667000001,138.339375,26.78758333
444,3/6/2015,Ingraham Direct,2.0,0.0,0.0,30.76583333,29.75333333,12.09995833,266.51375,0.0
445,3/6/2015,Gibralter Ledges,3.0,0.0,0.0,30.76583333,29.75333333,12.09995833,266.51375,0.0
446,3/5/2015,Disappointment Cleaver,2.0,0.0,0.0,29.34916667,26.28670833,4.898791667,181.6716667,10.899125
447,3/5/2015,Fuhrer's Finger,7.0,4.0,0.5714285714285714,29.34916667,26.28670833,4.898791667,181.6716667,10.899125
448,2/27/2015,Gibralter Ledges,3.0,0.0,0.0,12.06366667,95.17916667,15.758875,253.9966667,0.0
449,2/22/2015,Gibralter Ledges,9.0,3.0,0.3333333333333333,21.1575,18.090999999999998,18.71625,115.95833329999999,0.0
450,2/22/2015,Ingraham Direct,6.0,0.0,0.0,21.1575,18.090999999999998,18.71625,115.95833329999999,0.0
451,2/21/2015,Unknown,3.0,0.0,0.0,11.92791667,47.75208333,17.233,100.5295833,0.0
452,2/21/2015,Fuhrer's Finger,2.0,0.0,0.0,11.92791667,47.75208333,17.233,100.5295833,0.0
453,2/21/2015,Gibralter Ledges,2.0,0.0,0.0,11.92791667,47.75208333,17.233,100.5295833,0.0
454,2/20/2015,Gibralter Ledges,8.0,0.0,0.0,19.60166667,26.91291667,13.95104167,140.93625,0.0
455,2/15/2015,Gibralter Ledges,4.0,0.0,0.0,29.96458333,14.36895833,8.729708333,144.03375,2.338375
456,2/14/2015,Little Tahoma,2.0,0.0,0.0,25.71791667,25.54841667,12.4985,246.7392083,0.144166667
457,2/14/2015,Gibralter Ledges,7.0,0.0,0.0,25.71791667,25.54841667,12.4985,246.7392083,0.144166667
458,2/14/2015,Ingraham Direct,2.0,0.0,0.0,25.71791667,25.54841667,12.4985,246.7392083,0.144166667
459,2/13/2015,Fuhrer's Finger,2.0,0.0,0.0,32.82541667,40.39291667,24.52683333,268.05,0.033083333
460,1/31/2015,Gibralter Ledges,3.0,0.0,0.0,28.02,27.65333333,10.29258333,212.0725417,0.0
461,1/30/2015,Gibralter Ledges,3.0,0.0,0.0,27.86,23.49420833,4.405791667,232.66575,0.0
462,1/30/2015,Ingraham Direct,5.0,2.0,0.4,27.86,23.49420833,4.405791667,232.66575,0.0
463,1/29/2015,Fuhrer's Finger,3.0,0.0,0.0,24.57416667,75.43125,7.395958332999999,266.0908333,0.0
464,1/29/2015,Gibralter Ledges,6.0,6.0,1.0,24.57416667,75.43125,7.395958332999999,266.0908333,0.0
465,1/28/2015,Gibralter Ledges,2.0,2.0,1.0,23.08625,22.53516667,9.464208333,207.66745830000002,0.0
466,1/25/2015,Gibralter Ledges,2.0,0.0,0.0,37.7425,45.37166667,41.44083333,274.6958333,0.0
467,1/24/2015,Gibralter Ledges,4.0,0.0,0.0,35.25083333,59.77291667,18.04845833,271.59166669999996,3.09375
468,1/24/2015,Ingraham Direct,4.0,0.0,0.0,35.25083333,59.77291667,18.04845833,271.59166669999996,3.09375
469,1/23/2015,Disappointment Cleaver,2.0,0.0,0.0,28.25125,92.37875,20.88708333,264.9333333,0.0
470,12/13/2014,Gibralter Ledges,3.0,0.0,0.0,8.911,93.5125,0.0,244.9541667,42.76745833
471,11/9/2014,Nisqually Glacier,2.0,0.0,0.0,21.96875,89.15416667,24.14166667,245.4,78.41325
472,10/6/2014,Disappointment Cleaver,1.0,0.0,0.0,45.065,52.67708333,2.452583333,165.3111667,195.5275
473,10/4/2014,Kautz Glacier,2.0,0.0,0.0,42.99875,59.25791667,9.26775,171.1059583,125.34208329999998
474,10/4/2014,Disappointment Cleaver,1.0,1.0,1.0,42.99875,59.25791667,9.26775,171.1059583,125.34208329999998
475,9/29/2014,Disappointment Cleaver,2.0,0.0,0.0,35.29625,47.83875,12.22416667,251.7155,161.2810833
476,9/28/2014,Disappointment Cleaver,23.0,6.0,0.2608695652173913,43.03291667,12.3635,4.85875,193.0470833,226.7194583
477,9/27/2014,glacier only - no summit attempt,11.0,11.0,1.0,33.31875,60.20041667,7.140916667000001,116.29458329999999,227.597125
478,9/27/2014,Disappointment Cleaver,15.0,6.0,0.4,33.31875,60.20041667,7.140916667000001,116.29458329999999,227.597125
479,9/26/2014,Disappointment Cleaver,41.0,19.0,0.4634146341463415,28.23833333,100.0,0.897625,259.6458333,114.40083329999999
480,9/25/2014,Disappointment Cleaver,14.0,8.0,0.5714285714285714,26.82375,99.85416667,3.166208333,278.6041667,142.69891669999998
481,9/24/2014,Disappointment Cleaver,12.0,0.0,0.0,29.70291667,100.0,45.915,278.0541667,37.87370833
482,9/23/2014,Disappointment Cleaver,11.0,0.0,0.0,32.85733333,100.0,65.11066667,254.27333330000002,16.5938
